[
{
  "model": "forum.user",
  "pk": 1,
  "fields": {
    "password": "pbkdf2_sha256$1000000$RapGr45rMuASm1RHvfutR4$6pOrPjbGsJgaeCJToG9UsNJRoMNt9RTDh0FcueixmIs=",
    "last_login": "2025-10-26T08:58:46.683Z",
    "is_superuser": true,
    "first_name": "",
    "last_name": "",
    "is_staff": true,
    "is_active": true,
    "date_joined": "2025-10-01T07:56:41.557Z",
    "username": "Admin",
    "email": "zun_chen@outlook.com",
    "is_anonymous": false,
    "is_admin": true,
    "is_banned": false,
    "bio": "",
    "create_time": "2025-10-01T07:56:41.557Z",
    "update_time": "2025-10-24T06:45:10.653Z",
    "groups": [],
    "user_permissions": []
  }
},
{
  "model": "forum.user",
  "pk": 2,
  "fields": {
    "password": "pbkdf2_sha256$870000$eKYasKSggag2bwsmutXqp7$WlcVMbsVhwfD+7VhYsdCzsJcUn/HVkgtDUbJbez95Fk=",
    "last_login": null,
    "is_superuser": false,
    "first_name": "",
    "last_name": "",
    "is_staff": false,
    "is_active": true,
    "date_joined": "2025-10-01T07:56:41.943Z",
    "username": "Alice",
    "email": "alice@student.jacaranda.edu.au",
    "is_anonymous": false,
    "is_admin": false,
    "is_banned": false,
    "bio": null,
    "create_time": "2025-10-01T07:56:41.943Z",
    "update_time": "2025-10-26T09:01:29.222Z",
    "groups": [],
    "user_permissions": []
  }
},
{
  "model": "forum.user",
  "pk": 3,
  "fields": {
    "password": "pbkdf2_sha256$870000$s0qYfz5yjl6lSEEuaabGSd$/SVDev3dUo0moCe6S1vV9tLGJ4IiNJ1HItxgI3X9Cwo=",
    "last_login": null,
    "is_superuser": false,
    "first_name": "",
    "last_name": "",
    "is_staff": false,
    "is_active": true,
    "date_joined": "2025-10-01T07:56:42.311Z",
    "username": "Bob",
    "email": "bob@student.jacaranda.edu.au",
    "is_anonymous": false,
    "is_admin": false,
    "is_banned": false,
    "bio": null,
    "create_time": "2025-10-01T07:56:42.311Z",
    "update_time": "2025-10-01T07:56:42.650Z",
    "groups": [],
    "user_permissions": []
  }
},
{
  "model": "forum.user",
  "pk": 4,
  "fields": {
    "password": "pbkdf2_sha256$870000$MasfECWP3V19FLOT0QHej9$yIieqByXGf63WGqE2VpcOthJUtvFLQ3XvQPcAwhkgWY=",
    "last_login": null,
    "is_superuser": false,
    "first_name": "",
    "last_name": "",
    "is_staff": false,
    "is_active": true,
    "date_joined": "2025-10-01T07:56:42.651Z",
    "username": "Charlie",
    "email": "charlie@student.jacaranda.edu.au",
    "is_anonymous": true,
    "is_admin": false,
    "is_banned": false,
    "bio": null,
    "create_time": "2025-10-01T07:56:42.651Z",
    "update_time": "2025-10-01T07:56:46.898Z",
    "groups": [],
    "user_permissions": []
  }
},
{
  "model": "forum.user",
  "pk": 5,
  "fields": {
    "password": "pbkdf2_sha256$1000000$WtiuW44cpWspIRXxt1ykzJ$vhNQ6Eg2KI8XrNXvDDZ8avYYCut/Cv2pNHPQFljSzUw=",
    "last_login": "2025-10-16T04:12:36.356Z",
    "is_superuser": false,
    "first_name": "",
    "last_name": "",
    "is_staff": false,
    "is_active": true,
    "date_joined": "2025-10-01T08:47:52.938Z",
    "username": "Demo User",
    "email": "demo_user@jacaranda.edu.au",
    "is_anonymous": false,
    "is_admin": false,
    "is_banned": false,
    "bio": null,
    "create_time": "2025-10-01T08:47:53.262Z",
    "update_time": "2025-10-16T04:00:15.952Z",
    "groups": [],
    "user_permissions": []
  }
},
{
  "model": "forum.user",
  "pk": 6,
  "fields": {
    "password": "pbkdf2_sha256$870000$ZAolJurtcYvLt3E2Jb7Vue$aEsX7INQHMEwb+27MKZYLItSGXc21DJT1w5jNMQhzpo=",
    "last_login": "2025-10-01T08:52:02.530Z",
    "is_superuser": false,
    "first_name": "",
    "last_name": "",
    "is_staff": false,
    "is_active": true,
    "date_joined": "2025-10-01T08:52:01.826Z",
    "username": "Zun Chen",
    "email": "zun_chen@icloud.com",
    "is_anonymous": false,
    "is_admin": false,
    "is_banned": false,
    "bio": null,
    "create_time": "2025-10-01T08:52:02.159Z",
    "update_time": "2025-10-01T08:52:02.159Z",
    "groups": [],
    "user_permissions": []
  }
},
{
  "model": "forum.user",
  "pk": 7,
  "fields": {
    "password": "pbkdf2_sha256$870000$qXj7l5GSWEpw3Iq4d1hrVw$NbgxyWjDwa271LWhc5MZxxlFxhZx5y1HO5v+rlMVsts=",
    "last_login": null,
    "is_superuser": false,
    "first_name": "",
    "last_name": "",
    "is_staff": false,
    "is_active": true,
    "date_joined": "2025-10-02T03:42:45.486Z",
    "username": "Test",
    "email": "test@example.com",
    "is_anonymous": false,
    "is_admin": false,
    "is_banned": false,
    "bio": null,
    "create_time": "2025-10-02T03:42:45.821Z",
    "update_time": "2025-10-02T03:42:45.821Z",
    "groups": [],
    "user_permissions": []
  }
},
{
  "model": "forum.user",
  "pk": 8,
  "fields": {
    "password": "pbkdf2_sha256$1000000$yv45G1ndkgiskgAk4crgNm$A4LJFA9GiAD89iXQbuJ1HLsNLjrvwXF94x3NOZF9s5M=",
    "last_login": "2025-10-03T15:58:17.436Z",
    "is_superuser": false,
    "first_name": "",
    "last_name": "",
    "is_staff": false,
    "is_active": true,
    "date_joined": "2025-10-02T03:44:12.860Z",
    "username": "Demo User1",
    "email": "demo_user1@jacaranda.edu.au",
    "is_anonymous": false,
    "is_admin": false,
    "is_banned": false,
    "bio": null,
    "create_time": "2025-10-02T03:44:13.193Z",
    "update_time": "2025-10-02T03:44:13.193Z",
    "groups": [],
    "user_permissions": []
  }
},
{
  "model": "forum.user",
  "pk": 9,
  "fields": {
    "password": "pbkdf2_sha256$1000000$FeeS3Bhb2jYPMrVUC2IS0L$/235/oFSosT6Ndhr3hBOl90vPHMg1jVM6h9/jHYI0Lk=",
    "last_login": "2025-10-03T13:09:56.930Z",
    "is_superuser": false,
    "first_name": "",
    "last_name": "",
    "is_staff": false,
    "is_active": true,
    "date_joined": "2025-10-03T13:09:34.133Z",
    "username": "Demo User2",
    "email": "demo_user2@jacaranda.edu.au",
    "is_anonymous": false,
    "is_admin": false,
    "is_banned": false,
    "bio": null,
    "create_time": "2025-10-03T13:09:34.737Z",
    "update_time": "2025-10-03T13:09:34.737Z",
    "groups": [],
    "user_permissions": []
  }
},
{
  "model": "forum.user",
  "pk": 13,
  "fields": {
    "password": "pbkdf2_sha256$1000000$sZoR2FcRQJgL2HuHQKcBbs$PHzayUD20ZIQQEqXxjI5wFnjYPN68PKkBmDX3xBzbnY=",
    "last_login": "2025-10-20T07:14:52.452Z",
    "is_superuser": false,
    "first_name": "",
    "last_name": "",
    "is_staff": false,
    "is_active": true,
    "date_joined": "2025-10-20T07:13:55.777Z",
    "username": "Lucas223",
    "email": "2272548528@qq.com",
    "is_anonymous": false,
    "is_admin": false,
    "is_banned": false,
    "bio": "I am Lucas",
    "create_time": "2025-10-20T07:13:55.901Z",
    "update_time": "2025-10-26T09:01:31.521Z",
    "groups": [],
    "user_permissions": []
  }
},
{
  "model": "forum.user",
  "pk": 16,
  "fields": {
    "password": "pbkdf2_sha256$1000000$iNppCNIRJfKwzNVdA54yHj$lHIs9GgGxBhqgXHcBTausAKDtiKwwYYnCwYjfAG7izI=",
    "last_login": "2025-10-26T08:32:45.221Z",
    "is_superuser": false,
    "first_name": "",
    "last_name": "",
    "is_staff": false,
    "is_active": true,
    "date_joined": "2025-10-20T13:34:12.330Z",
    "username": "Zun",
    "email": "zche0316@gmail.com",
    "is_anonymous": false,
    "is_admin": false,
    "is_banned": false,
    "bio": null,
    "create_time": "2025-10-20T13:34:12.452Z",
    "update_time": "2025-10-24T08:36:49.745Z",
    "groups": [],
    "user_permissions": []
  }
},
{
  "model": "forum.user",
  "pk": 17,
  "fields": {
    "password": "pbkdf2_sha256$1000000$RXIbVXyHYkvKgoFPmeKWeA$KYigukRN2aAIvxDhGlWXUgyLtNaTIscVLParX0e3mas=",
    "last_login": "2025-10-26T09:01:21.751Z",
    "is_superuser": false,
    "first_name": "",
    "last_name": "",
    "is_staff": false,
    "is_active": true,
    "date_joined": "2025-10-26T08:52:40.876Z",
    "username": "Admin#2",
    "email": "zche0316@uni.sydney.edu.au",
    "is_anonymous": false,
    "is_admin": true,
    "is_banned": false,
    "bio": null,
    "create_time": "2025-10-26T08:52:41.005Z",
    "update_time": "2025-10-26T08:52:41.007Z",
    "groups": [],
    "user_permissions": []
  }
},
{
  "model": "forum.user",
  "pk": 18,
  "fields": {
    "password": "pbkdf2_sha256$1000000$wRWjo6i2QPQAqn0qKmGAjV$1b5EQnFEu5oprpXEegAj3ncWnaAaucBqdoqYm52ggZ0=",
    "last_login": null,
    "is_superuser": false,
    "first_name": "",
    "last_name": "",
    "is_staff": false,
    "is_active": true,
    "date_joined": "2025-10-26T09:06:51.858Z",
    "username": "sydney_student",
    "email": "sydney_student@sydney.edu.au",
    "is_anonymous": false,
    "is_admin": false,
    "is_banned": false,
    "bio": "USyd Engineering student",
    "create_time": "2025-10-26T09:06:51.952Z",
    "update_time": "2025-10-26T09:06:51.952Z",
    "groups": [],
    "user_permissions": []
  }
},
{
  "model": "forum.user",
  "pk": 19,
  "fields": {
    "password": "pbkdf2_sha256$1000000$70UCXHg17xdqZjouaQOIBs$NQIy0y7U0oE068gIe2X8FGYkbGQKvwHulXC38cSQrL8=",
    "last_login": null,
    "is_superuser": false,
    "first_name": "",
    "last_name": "",
    "is_staff": false,
    "is_active": true,
    "date_joined": "2025-10-26T09:06:51.953Z",
    "username": "uni_lifestyle",
    "email": "uni_lifestyle@sydney.edu.au",
    "is_anonymous": false,
    "is_admin": false,
    "is_banned": false,
    "bio": "Love exploring USyd campus",
    "create_time": "2025-10-26T09:06:52.046Z",
    "update_time": "2025-10-26T09:06:52.046Z",
    "groups": [],
    "user_permissions": []
  }
},
{
  "model": "forum.user",
  "pk": 20,
  "fields": {
    "password": "pbkdf2_sha256$1000000$TQU4fYsywvYPB68HdvFonD$mJnPyZH3Aksue+5/T0+ZvWDVEKEODgmlu+9taJUm0/A=",
    "last_login": null,
    "is_superuser": false,
    "first_name": "",
    "last_name": "",
    "is_staff": false,
    "is_active": true,
    "date_joined": "2025-10-26T09:06:52.048Z",
    "username": "darlington_resident",
    "email": "darlington_resident@sydney.edu.au",
    "is_anonymous": false,
    "is_admin": false,
    "is_banned": false,
    "bio": "Living near campus",
    "create_time": "2025-10-26T09:06:52.141Z",
    "update_time": "2025-10-26T09:06:52.141Z",
    "groups": [],
    "user_permissions": []
  }
},
{
  "model": "forum.category",
  "pk": 1,
  "fields": {
    "name": "Academic"
  }
},
{
  "model": "forum.category",
  "pk": 2,
  "fields": {
    "name": "Social"
  }
},
{
  "model": "forum.category",
  "pk": 3,
  "fields": {
    "name": "Events"
  }
},
{
  "model": "forum.category",
  "pk": 4,
  "fields": {
    "name": "Support"
  }
},
{
  "model": "forum.category",
  "pk": 5,
  "fields": {
    "name": "Technology"
  }
},
{
  "model": "forum.category",
  "pk": 6,
  "fields": {
    "name": "USYD Campus"
  }
},
{
  "model": "forum.category",
  "pk": 7,
  "fields": {
    "name": "Sydney Life"
  }
},
{
  "model": "forum.tag",
  "pk": "3efff",
  "fields": {
    "is_active": true
  }
},
{
  "model": "forum.tag",
  "pk": "3ffff",
  "fields": {
    "is_active": true
  }
},
{
  "model": "forum.tag",
  "pk": "ai",
  "fields": {
    "is_active": true
  }
},
{
  "model": "forum.tag",
  "pk": "anaon",
  "fields": {
    "is_active": true
  }
},
{
  "model": "forum.tag",
  "pk": "assignment",
  "fields": {
    "is_active": true
  }
},
{
  "model": "forum.tag",
  "pk": "broadway-shopping-centre",
  "fields": {
    "is_active": true
  }
},
{
  "model": "forum.tag",
  "pk": "c",
  "fields": {
    "is_active": true
  }
},
{
  "model": "forum.tag",
  "pk": "camperdown",
  "fields": {
    "is_active": true
  }
},
{
  "model": "forum.tag",
  "pk": "campus-life",
  "fields": {
    "is_active": true
  }
},
{
  "model": "forum.tag",
  "pk": "club",
  "fields": {
    "is_active": true
  }
},
{
  "model": "forum.tag",
  "pk": "coffee",
  "fields": {
    "is_active": true
  }
},
{
  "model": "forum.tag",
  "pk": "darlington",
  "fields": {
    "is_active": true
  }
},
{
  "model": "forum.tag",
  "pk": "dorm",
  "fields": {
    "is_active": true
  }
},
{
  "model": "forum.tag",
  "pk": "engineering-building",
  "fields": {
    "is_active": true
  }
},
{
  "model": "forum.tag",
  "pk": "exam",
  "fields": {
    "is_active": true
  }
},
{
  "model": "forum.tag",
  "pk": "ffff",
  "fields": {
    "is_active": true
  }
},
{
  "model": "forum.tag",
  "pk": "fisher-library",
  "fields": {
    "is_active": true
  }
},
{
  "model": "forum.tag",
  "pk": "food",
  "fields": {
    "is_active": true
  }
},
{
  "model": "forum.tag",
  "pk": "friends",
  "fields": {
    "is_active": true
  }
},
{
  "model": "forum.tag",
  "pk": "gaming",
  "fields": {
    "is_active": true
  }
},
{
  "model": "forum.tag",
  "pk": "hello",
  "fields": {
    "is_active": true
  }
},
{
  "model": "forum.tag",
  "pk": "library",
  "fields": {
    "is_active": true
  }
},
{
  "model": "forum.tag",
  "pk": "manning-bar",
  "fields": {
    "is_active": true
  }
},
{
  "model": "forum.tag",
  "pk": "mental-health",
  "fields": {
    "is_active": true
  }
},
{
  "model": "forum.tag",
  "pk": "party",
  "fields": {
    "is_active": true
  }
},
{
  "model": "forum.tag",
  "pk": "physics-bridge",
  "fields": {
    "is_active": true
  }
},
{
  "model": "forum.tag",
  "pk": "programming",
  "fields": {
    "is_active": true
  }
},
{
  "model": "forum.tag",
  "pk": "python",
  "fields": {
    "is_active": true
  }
},
{
  "model": "forum.tag",
  "pk": "redfern",
  "fields": {
    "is_active": true
  }
},
{
  "model": "forum.tag",
  "pk": "sports",
  "fields": {
    "is_active": true
  }
},
{
  "model": "forum.tag",
  "pk": "stress",
  "fields": {
    "is_active": true
  }
},
{
  "model": "forum.tag",
  "pk": "study-group",
  "fields": {
    "is_active": true
  }
},
{
  "model": "forum.tag",
  "pk": "sydney-uni-union",
  "fields": {
    "is_active": true
  }
},
{
  "model": "forum.tag",
  "pk": "test",
  "fields": {
    "is_active": true
  }
},
{
  "model": "forum.tag",
  "pk": "the-quadrangle",
  "fields": {
    "is_active": true
  }
},
{
  "model": "forum.tag",
  "pk": "transport",
  "fields": {
    "is_active": true
  }
},
{
  "model": "forum.tag",
  "pk": "usyd",
  "fields": {
    "is_active": true
  }
},
{
  "model": "forum.tag",
  "pk": "wao",
  "fields": {
    "is_active": true
  }
},
{
  "model": "forum.tag",
  "pk": "web-dev",
  "fields": {
    "is_active": true
  }
},
{
  "model": "forum.tag",
  "pk": "wentworth-building",
  "fields": {
    "is_active": true
  }
},
{
  "model": "forum.thread",
  "pk": 1,
  "fields": {
    "user_id": 2,
    "category_id": 1,
    "title": "Need help with Python assignment",
    "body": "I'm struggling with the data structures assignment. Anyone willing to form a study group?",
    "is_anonymous": false,
    "is_deleted": false,
    "create_time": "2025-10-01T07:56:42.997Z",
    "edit_time": "2025-10-01T07:56:42.997Z"
  }
},
{
  "model": "forum.thread",
  "pk": 2,
  "fields": {
    "user_id": 3,
    "category_id": 2,
    "title": "Best coffee spots on campus?",
    "body": "Looking for recommendations for good coffee near the engineering building.",
    "is_anonymous": false,
    "is_deleted": false,
    "create_time": "2025-10-01T07:56:42.998Z",
    "edit_time": "2025-10-01T07:56:42.998Z"
  }
},
{
  "model": "forum.thread",
  "pk": 3,
  "fields": {
    "user_id": 4,
    "category_id": 4,
    "title": "Feeling overwhelmed with exams",
    "body": "The exam period is really stressful. Anyone else feeling the same way?",
    "is_anonymous": false,
    "is_deleted": false,
    "create_time": "2025-10-01T07:56:42.998Z",
    "edit_time": "2025-10-01T07:56:42.998Z"
  }
},
{
  "model": "forum.thread",
  "pk": 4,
  "fields": {
    "user_id": 3,
    "category_id": 5,
    "title": "Web development project ideas",
    "body": "Looking for interesting web dev projects to work on during the break.",
    "is_anonymous": false,
    "is_deleted": false,
    "create_time": "2025-10-01T07:56:42.999Z",
    "edit_time": "2025-10-01T07:56:42.999Z"
  }
},
{
  "model": "forum.thread",
  "pk": 5,
  "fields": {
    "user_id": 2,
    "category_id": 3,
    "title": "Campus party this weekend",
    "body": "There's a big party at the student center this Saturday. Who's going?",
    "is_anonymous": false,
    "is_deleted": false,
    "create_time": "2025-10-01T07:56:42.999Z",
    "edit_time": "2025-10-01T07:56:42.999Z"
  }
},
{
  "model": "forum.thread",
  "pk": 6,
  "fields": {
    "user_id": 5,
    "category_id": 1,
    "title": "Hello",
    "body": "Hello",
    "is_anonymous": false,
    "is_deleted": true,
    "create_time": "2025-10-03T15:39:12.163Z",
    "edit_time": "2025-10-26T09:15:45.410Z"
  }
},
{
  "model": "forum.thread",
  "pk": 12,
  "fields": {
    "user_id": 13,
    "category_id": 5,
    "title": "Test username",
    "body": "Do it looks as 'lucas'",
    "is_anonymous": false,
    "is_deleted": true,
    "create_time": "2025-10-20T07:15:50.330Z",
    "edit_time": "2025-10-26T09:15:40.930Z"
  }
},
{
  "model": "forum.thread",
  "pk": 13,
  "fields": {
    "user_id": 1,
    "category_id": 2,
    "title": "ehff",
    "body": "呃呃呃呃呃呃呃呃呃呃呃呃",
    "is_anonymous": false,
    "is_deleted": true,
    "create_time": "2025-10-24T06:33:34.247Z",
    "edit_time": "2025-10-26T08:54:38.321Z"
  }
},
{
  "model": "forum.thread",
  "pk": 14,
  "fields": {
    "user_id": 18,
    "category_id": 6,
    "title": "Best study spots in Fisher Library?",
    "body": "Looking for quiet places to study. Which floors in Fisher are the best? Heard level 6 is pretty good for silence.",
    "is_anonymous": false,
    "is_deleted": false,
    "create_time": "2025-10-26T09:06:52.151Z",
    "edit_time": "2025-10-26T09:06:52.151Z"
  }
},
{
  "model": "forum.thread",
  "pk": 15,
  "fields": {
    "user_id": 19,
    "category_id": 6,
    "title": "The Quadrangle is absolutely beautiful!",
    "body": "Just walked through the quad for the first time and wow! The sandstone architecture is stunning. Anyone know the history?",
    "is_anonymous": false,
    "is_deleted": false,
    "create_time": "2025-10-26T09:06:52.153Z",
    "edit_time": "2025-10-26T09:06:52.153Z"
  }
},
{
  "model": "forum.thread",
  "pk": 16,
  "fields": {
    "user_id": 20,
    "category_id": 1,
    "title": "COMP2123 Assignment Help - Data Structures",
    "body": "Struggling with the AVL tree implementation. Anyone taking COMP2123 this semester? Want to form a study group?",
    "is_anonymous": false,
    "is_deleted": false,
    "create_time": "2025-10-26T09:06:52.155Z",
    "edit_time": "2025-10-26T09:06:52.155Z"
  }
},
{
  "model": "forum.thread",
  "pk": 17,
  "fields": {
    "user_id": 18,
    "category_id": 2,
    "title": "Anyone going to Manning Bar tonight?",
    "body": "Thursday night vibes! Looking for people to grab drinks at Manning Bar. Best spot on campus for socializing!",
    "is_anonymous": false,
    "is_deleted": false,
    "create_time": "2025-10-26T09:06:52.155Z",
    "edit_time": "2025-10-26T09:06:52.155Z"
  }
},
{
  "model": "forum.thread",
  "pk": 18,
  "fields": {
    "user_id": 19,
    "category_id": 7,
    "title": "Best coffee near Camperdown campus?",
    "body": "Need my daily caffeine fix! Recommendations for good coffee places around Broadway and Darlington?",
    "is_anonymous": false,
    "is_deleted": false,
    "create_time": "2025-10-26T09:06:52.156Z",
    "edit_time": "2025-10-26T09:06:52.156Z"
  }
},
{
  "model": "forum.thread",
  "pk": 19,
  "fields": {
    "user_id": 20,
    "category_id": 6,
    "title": "Physics Bridge views are incredible!",
    "body": "The sunset from the Physics Bridge is breathtaking. Perfect spot for photos and reflection.",
    "is_anonymous": false,
    "is_deleted": false,
    "create_time": "2025-10-26T09:06:52.157Z",
    "edit_time": "2025-10-26T09:06:52.157Z"
  }
},
{
  "model": "forum.thread",
  "pk": 20,
  "fields": {
    "user_id": 18,
    "category_id": 1,
    "title": "ELEC3609 - Internet Software Platform Group Project",
    "body": "Looking for group members for the final project. Need someone with React experience. Anyone interested?",
    "is_anonymous": false,
    "is_deleted": false,
    "create_time": "2025-10-26T09:06:52.159Z",
    "edit_time": "2025-10-26T09:06:52.159Z"
  }
},
{
  "model": "forum.thread",
  "pk": 21,
  "fields": {
    "user_id": 19,
    "category_id": 7,
    "title": "Broadway Shopping Centre - Best deals?",
    "body": "Where do you shop for groceries near campus? Coles at Broadway? Woolies? Any cheap eating spots?",
    "is_anonymous": false,
    "is_deleted": false,
    "create_time": "2025-10-26T09:06:52.159Z",
    "edit_time": "2025-10-26T09:06:52.159Z"
  }
},
{
  "model": "forum.thread",
  "pk": 22,
  "fields": {
    "user_id": 13,
    "category_id": 1,
    "title": "Looking for study partners for ELEC3609",
    "body": "Need to form a study group for the final exam. Anyone in Computer Science willing to meet up?",
    "is_anonymous": false,
    "is_deleted": false,
    "create_time": "2025-10-26T09:15:59.797Z",
    "edit_time": "2025-10-26T09:15:59.797Z"
  }
},
{
  "model": "forum.thread",
  "pk": 23,
  "fields": {
    "user_id": 9,
    "category_id": 1,
    "title": "Where to buy cheap textbooks near campus?",
    "body": "Textbooks are so expensive! Any recommendations for second-hand bookstores?",
    "is_anonymous": false,
    "is_deleted": false,
    "create_time": "2025-10-26T09:15:59.800Z",
    "edit_time": "2025-10-26T09:15:59.800Z"
  }
},
{
  "model": "forum.thread",
  "pk": 24,
  "fields": {
    "user_id": 3,
    "category_id": 2,
    "title": "Is the SUSU membership worth it?",
    "body": "Thinking about joining Sydney University Student Union. What benefits do you get?",
    "is_anonymous": false,
    "is_deleted": false,
    "create_time": "2025-10-26T09:15:59.801Z",
    "edit_time": "2025-10-26T09:15:59.801Z"
  }
},
{
  "model": "forum.thread",
  "pk": 25,
  "fields": {
    "user_id": 7,
    "category_id": 5,
    "title": "Best study apps for university students?",
    "body": "What apps do you use to stay organized and productive? Looking for recommendations.",
    "is_anonymous": false,
    "is_deleted": false,
    "create_time": "2025-10-26T09:15:59.803Z",
    "edit_time": "2025-10-26T09:15:59.803Z"
  }
},
{
  "model": "forum.thread",
  "pk": 26,
  "fields": {
    "user_id": 1,
    "category_id": 3,
    "title": "Hackathon next weekend at the Engineering building",
    "body": "There is a 24-hour hackathon happening. Free food and drinks! Anyone interested in forming a team?",
    "is_anonymous": false,
    "is_deleted": false,
    "create_time": "2025-10-26T09:15:59.803Z",
    "edit_time": "2025-10-26T09:15:59.803Z"
  }
},
{
  "model": "forum.thread",
  "pk": 27,
  "fields": {
    "user_id": 2,
    "category_id": 4,
    "title": "Lost my laptop charger near Fisher Library",
    "body": "Left my MacBook charger at Fisher around level 5. If anyone found it, please let me know!",
    "is_anonymous": false,
    "is_deleted": false,
    "create_time": "2025-10-26T09:15:59.805Z",
    "edit_time": "2025-10-26T09:15:59.805Z"
  }
},
{
  "model": "forum.thread",
  "pk": 28,
  "fields": {
    "user_id": 6,
    "category_id": 1,
    "title": "Python vs Java for beginners?",
    "body": "I am starting programming and can not decide between Python and Java. What would you recommend?",
    "is_anonymous": false,
    "is_deleted": false,
    "create_time": "2025-10-26T09:15:59.806Z",
    "edit_time": "2025-10-26T09:15:59.806Z"
  }
},
{
  "model": "forum.thread",
  "pk": 29,
  "fields": {
    "user_id": 2,
    "category_id": 6,
    "title": "Free Wi-Fi spots on campus",
    "body": "Where is the best place to get reliable Wi-Fi? The library is always crowded.",
    "is_anonymous": false,
    "is_deleted": false,
    "create_time": "2025-10-26T09:15:59.808Z",
    "edit_time": "2025-10-26T09:15:59.808Z"
  }
},
{
  "model": "forum.thread",
  "pk": 30,
  "fields": {
    "user_id": 4,
    "category_id": 4,
    "title": "Part-time job opportunities near campus",
    "body": "Looking for flexible work that fits around my classes. Any recommendations?",
    "is_anonymous": false,
    "is_deleted": false,
    "create_time": "2025-10-26T09:15:59.809Z",
    "edit_time": "2025-10-26T09:15:59.809Z"
  }
},
{
  "model": "forum.thread",
  "pk": 31,
  "fields": {
    "user_id": 2,
    "category_id": 1,
    "title": "Machine Learning study group",
    "body": "Anyone taking COMP3308 or similar ML courses? Want to form a weekly study group.",
    "is_anonymous": false,
    "is_deleted": false,
    "create_time": "2025-10-26T09:15:59.810Z",
    "edit_time": "2025-10-26T09:15:59.810Z"
  }
},
{
  "model": "forum.thread",
  "pk": 32,
  "fields": {
    "user_id": 9,
    "category_id": 7,
    "title": "Best places to eat lunch near Redfern campus",
    "body": "Getting tired of campus food. What are your go-to lunch spots in Redfern?",
    "is_anonymous": false,
    "is_deleted": false,
    "create_time": "2025-10-26T09:15:59.813Z",
    "edit_time": "2025-10-26T09:15:59.813Z"
  }
},
{
  "model": "forum.thread",
  "pk": 33,
  "fields": {
    "user_id": 3,
    "category_id": 4,
    "title": "Stressed about upcoming exams",
    "body": "The exam period is approaching and I feel overwhelmed. Anyone else feeling the same?",
    "is_anonymous": false,
    "is_deleted": false,
    "create_time": "2025-10-26T09:15:59.814Z",
    "edit_time": "2025-10-26T09:15:59.814Z"
  }
},
{
  "model": "forum.thread",
  "pk": 34,
  "fields": {
    "user_id": 6,
    "category_id": 1,
    "title": "Internship opportunities in tech",
    "body": "Looking for tech internship positions for the summer. Any advice on where to apply?",
    "is_anonymous": false,
    "is_deleted": false,
    "create_time": "2025-10-26T09:15:59.815Z",
    "edit_time": "2025-10-26T09:15:59.815Z"
  }
},
{
  "model": "forum.thread",
  "pk": 35,
  "fields": {
    "user_id": 7,
    "category_id": 1,
    "title": "Code review wanted for my project",
    "body": "Just finished my web application for ELEC3609. Would love some feedback from experienced developers!",
    "is_anonymous": false,
    "is_deleted": false,
    "create_time": "2025-10-26T09:15:59.816Z",
    "edit_time": "2025-10-26T09:15:59.816Z"
  }
},
{
  "model": "forum.thread",
  "pk": 36,
  "fields": {
    "user_id": 7,
    "category_id": 4,
    "title": "Cheapest printing service near campus",
    "body": "Need to print a lot of documents for my research. Where is the cheapest place?",
    "is_anonymous": false,
    "is_deleted": false,
    "create_time": "2025-10-26T09:15:59.818Z",
    "edit_time": "2025-10-26T09:15:59.818Z"
  }
},
{
  "model": "forum.threadtags",
  "pk": 1,
  "fields": {
    "thread_id": 1,
    "tag_id": "assignment"
  }
},
{
  "model": "forum.threadtags",
  "pk": 2,
  "fields": {
    "thread_id": 1,
    "tag_id": "python"
  }
},
{
  "model": "forum.threadtags",
  "pk": 3,
  "fields": {
    "thread_id": 1,
    "tag_id": "study-group"
  }
},
{
  "model": "forum.threadtags",
  "pk": 4,
  "fields": {
    "thread_id": 2,
    "tag_id": "coffee"
  }
},
{
  "model": "forum.threadtags",
  "pk": 5,
  "fields": {
    "thread_id": 2,
    "tag_id": "campus-life"
  }
},
{
  "model": "forum.threadtags",
  "pk": 6,
  "fields": {
    "thread_id": 2,
    "tag_id": "food"
  }
},
{
  "model": "forum.threadtags",
  "pk": 7,
  "fields": {
    "thread_id": 3,
    "tag_id": "exam"
  }
},
{
  "model": "forum.threadtags",
  "pk": 8,
  "fields": {
    "thread_id": 3,
    "tag_id": "stress"
  }
},
{
  "model": "forum.threadtags",
  "pk": 9,
  "fields": {
    "thread_id": 3,
    "tag_id": "mental-health"
  }
},
{
  "model": "forum.threadtags",
  "pk": 10,
  "fields": {
    "thread_id": 4,
    "tag_id": "web-dev"
  }
},
{
  "model": "forum.threadtags",
  "pk": 11,
  "fields": {
    "thread_id": 4,
    "tag_id": "programming"
  }
},
{
  "model": "forum.threadtags",
  "pk": 12,
  "fields": {
    "thread_id": 4,
    "tag_id": "ai"
  }
},
{
  "model": "forum.threadtags",
  "pk": 13,
  "fields": {
    "thread_id": 5,
    "tag_id": "party"
  }
},
{
  "model": "forum.threadtags",
  "pk": 14,
  "fields": {
    "thread_id": 5,
    "tag_id": "campus-life"
  }
},
{
  "model": "forum.threadtags",
  "pk": 15,
  "fields": {
    "thread_id": 6,
    "tag_id": "3efff"
  }
},
{
  "model": "forum.threadtags",
  "pk": 16,
  "fields": {
    "thread_id": 6,
    "tag_id": "hello"
  }
},
{
  "model": "forum.threadtags",
  "pk": 23,
  "fields": {
    "thread_id": 12,
    "tag_id": "test"
  }
},
{
  "model": "forum.threadtags",
  "pk": 24,
  "fields": {
    "thread_id": 13,
    "tag_id": "wao"
  }
},
{
  "model": "forum.threadtags",
  "pk": 25,
  "fields": {
    "thread_id": 14,
    "tag_id": "fisher-library"
  }
},
{
  "model": "forum.threadtags",
  "pk": 26,
  "fields": {
    "thread_id": 15,
    "tag_id": "the-quadrangle"
  }
},
{
  "model": "forum.threadtags",
  "pk": 27,
  "fields": {
    "thread_id": 15,
    "tag_id": "usyd"
  }
},
{
  "model": "forum.threadtags",
  "pk": 28,
  "fields": {
    "thread_id": 17,
    "tag_id": "manning-bar"
  }
},
{
  "model": "forum.threadtags",
  "pk": 29,
  "fields": {
    "thread_id": 18,
    "tag_id": "camperdown"
  }
},
{
  "model": "forum.threadtags",
  "pk": 30,
  "fields": {
    "thread_id": 19,
    "tag_id": "physics-bridge"
  }
},
{
  "model": "forum.threadtags",
  "pk": 31,
  "fields": {
    "thread_id": 19,
    "tag_id": "usyd"
  }
},
{
  "model": "forum.threadtags",
  "pk": 32,
  "fields": {
    "thread_id": 21,
    "tag_id": "broadway-shopping-centre"
  }
},
{
  "model": "forum.threadtags",
  "pk": 33,
  "fields": {
    "thread_id": 22,
    "tag_id": "assignment"
  }
},
{
  "model": "forum.threadtags",
  "pk": 34,
  "fields": {
    "thread_id": 22,
    "tag_id": "exam"
  }
},
{
  "model": "forum.threadtags",
  "pk": 35,
  "fields": {
    "thread_id": 22,
    "tag_id": "study-group"
  }
},
{
  "model": "forum.threadtags",
  "pk": 36,
  "fields": {
    "thread_id": 23,
    "tag_id": "campus-life"
  }
},
{
  "model": "forum.threadtags",
  "pk": 37,
  "fields": {
    "thread_id": 24,
    "tag_id": "campus-life"
  }
},
{
  "model": "forum.threadtags",
  "pk": 38,
  "fields": {
    "thread_id": 24,
    "tag_id": "usyd"
  }
},
{
  "model": "forum.threadtags",
  "pk": 39,
  "fields": {
    "thread_id": 26,
    "tag_id": "programming"
  }
},
{
  "model": "forum.threadtags",
  "pk": 40,
  "fields": {
    "thread_id": 26,
    "tag_id": "web-dev"
  }
},
{
  "model": "forum.threadtags",
  "pk": 41,
  "fields": {
    "thread_id": 26,
    "tag_id": "campus-life"
  }
},
{
  "model": "forum.threadtags",
  "pk": 42,
  "fields": {
    "thread_id": 27,
    "tag_id": "library"
  }
},
{
  "model": "forum.threadtags",
  "pk": 43,
  "fields": {
    "thread_id": 28,
    "tag_id": "programming"
  }
},
{
  "model": "forum.threadtags",
  "pk": 44,
  "fields": {
    "thread_id": 28,
    "tag_id": "python"
  }
},
{
  "model": "forum.threadtags",
  "pk": 45,
  "fields": {
    "thread_id": 29,
    "tag_id": "campus-life"
  }
},
{
  "model": "forum.threadtags",
  "pk": 46,
  "fields": {
    "thread_id": 29,
    "tag_id": "usyd"
  }
},
{
  "model": "forum.threadtags",
  "pk": 47,
  "fields": {
    "thread_id": 30,
    "tag_id": "campus-life"
  }
},
{
  "model": "forum.threadtags",
  "pk": 48,
  "fields": {
    "thread_id": 31,
    "tag_id": "ai"
  }
},
{
  "model": "forum.threadtags",
  "pk": 49,
  "fields": {
    "thread_id": 31,
    "tag_id": "programming"
  }
},
{
  "model": "forum.threadtags",
  "pk": 50,
  "fields": {
    "thread_id": 31,
    "tag_id": "study-group"
  }
},
{
  "model": "forum.threadtags",
  "pk": 51,
  "fields": {
    "thread_id": 32,
    "tag_id": "food"
  }
},
{
  "model": "forum.threadtags",
  "pk": 52,
  "fields": {
    "thread_id": 32,
    "tag_id": "campus-life"
  }
},
{
  "model": "forum.threadtags",
  "pk": 53,
  "fields": {
    "thread_id": 33,
    "tag_id": "exam"
  }
},
{
  "model": "forum.threadtags",
  "pk": 54,
  "fields": {
    "thread_id": 33,
    "tag_id": "study-group"
  }
},
{
  "model": "forum.threadtags",
  "pk": 55,
  "fields": {
    "thread_id": 34,
    "tag_id": "programming"
  }
},
{
  "model": "forum.threadtags",
  "pk": 56,
  "fields": {
    "thread_id": 35,
    "tag_id": "web-dev"
  }
},
{
  "model": "forum.threadtags",
  "pk": 57,
  "fields": {
    "thread_id": 35,
    "tag_id": "programming"
  }
},
{
  "model": "forum.threadtags",
  "pk": 58,
  "fields": {
    "thread_id": 35,
    "tag_id": "python"
  }
},
{
  "model": "forum.threadtags",
  "pk": 59,
  "fields": {
    "thread_id": 36,
    "tag_id": "campus-life"
  }
},
{
  "model": "forum.reply",
  "pk": 1,
  "fields": {
    "thread_id": 1,
    "user_id": 3,
    "body": "I'd be happy to help! I finished that assignment last week.",
    "is_anonymous": false,
    "like_count": 1,
    "is_deleted": false,
    "create_time": "2025-10-01T07:56:42.999Z",
    "edit_time": "2025-10-01T07:56:43.015Z"
  }
},
{
  "model": "forum.reply",
  "pk": 2,
  "fields": {
    "thread_id": 2,
    "user_id": 2,
    "body": "The coffee shop near the library has great espresso.",
    "is_anonymous": false,
    "like_count": 1,
    "is_deleted": false,
    "create_time": "2025-10-01T07:56:43Z",
    "edit_time": "2025-10-01T07:56:43.016Z"
  }
},
{
  "model": "forum.reply",
  "pk": 3,
  "fields": {
    "thread_id": 3,
    "user_id": 2,
    "body": "You're not alone. Take breaks and don't forget to sleep!",
    "is_anonymous": false,
    "like_count": 1,
    "is_deleted": false,
    "create_time": "2025-10-01T07:56:43Z",
    "edit_time": "2025-10-01T07:56:43.017Z"
  }
},
{
  "model": "forum.reply",
  "pk": 4,
  "fields": {
    "thread_id": 4,
    "user_id": 4,
    "body": "Try building a personal portfolio website with React.",
    "is_anonymous": false,
    "like_count": 1,
    "is_deleted": false,
    "create_time": "2025-10-01T07:56:43Z",
    "edit_time": "2025-10-01T07:56:43.018Z"
  }
},
{
  "model": "forum.reply",
  "pk": 5,
  "fields": {
    "thread_id": 5,
    "user_id": 3,
    "body": "Count me in! What time does it start?",
    "is_anonymous": false,
    "like_count": 1,
    "is_deleted": false,
    "create_time": "2025-10-01T07:56:43Z",
    "edit_time": "2025-10-01T07:56:43.019Z"
  }
},
{
  "model": "forum.reply",
  "pk": 6,
  "fields": {
    "thread_id": 6,
    "user_id": 5,
    "body": "Hello",
    "is_anonymous": false,
    "like_count": 0,
    "is_deleted": true,
    "create_time": "2025-10-03T15:56:27.841Z",
    "edit_time": "2025-10-03T15:56:27.841Z"
  }
},
{
  "model": "forum.reply",
  "pk": 7,
  "fields": {
    "thread_id": 6,
    "user_id": 8,
    "body": "Hello",
    "is_anonymous": false,
    "like_count": 0,
    "is_deleted": true,
    "create_time": "2025-10-03T15:58:26.289Z",
    "edit_time": "2025-10-03T15:58:26.289Z"
  }
},
{
  "model": "forum.reply",
  "pk": 8,
  "fields": {
    "thread_id": 6,
    "user_id": 5,
    "body": "Hello",
    "is_anonymous": false,
    "like_count": 0,
    "is_deleted": true,
    "create_time": "2025-10-03T16:11:16.038Z",
    "edit_time": "2025-10-03T16:11:16.038Z"
  }
},
{
  "model": "forum.reply",
  "pk": 11,
  "fields": {
    "thread_id": 12,
    "user_id": 13,
    "body": "hello?1",
    "is_anonymous": true,
    "like_count": 0,
    "is_deleted": true,
    "create_time": "2025-10-20T07:16:50.098Z",
    "edit_time": "2025-10-20T07:51:54.355Z"
  }
},
{
  "model": "forum.reply",
  "pk": 12,
  "fields": {
    "thread_id": 14,
    "user_id": 19,
    "body": "Level 5 is my favorite! It's super quiet and the views are great. Level 2 is also good if you need to chat occasionally.",
    "is_anonymous": false,
    "like_count": 3,
    "is_deleted": false,
    "create_time": "2025-10-26T09:06:52.160Z",
    "edit_time": "2025-10-26T09:06:52.160Z"
  }
},
{
  "model": "forum.reply",
  "pk": 13,
  "fields": {
    "thread_id": 15,
    "user_id": 20,
    "body": "The Quadrangle was built in the 1850s! It's one of the oldest parts of the campus. There's actually guided tours if you're interested.",
    "is_anonymous": false,
    "like_count": 5,
    "is_deleted": false,
    "create_time": "2025-10-26T09:06:52.160Z",
    "edit_time": "2025-10-26T09:06:52.160Z"
  }
},
{
  "model": "forum.reply",
  "pk": 14,
  "fields": {
    "thread_id": 16,
    "user_id": 18,
    "body": "I'm taking the same course! Let's meet after class today to discuss. AVL trees can be tricky but we'll get through it.",
    "is_anonymous": false,
    "like_count": 2,
    "is_deleted": false,
    "create_time": "2025-10-26T09:06:52.161Z",
    "edit_time": "2025-10-26T09:06:52.161Z"
  }
},
{
  "model": "forum.reply",
  "pk": 15,
  "fields": {
    "thread_id": 17,
    "user_id": 20,
    "body": "I'm in! Manning Bar has the best atmosphere. Plus cheap drinks for students!",
    "is_anonymous": false,
    "like_count": 4,
    "is_deleted": false,
    "create_time": "2025-10-26T09:06:52.161Z",
    "edit_time": "2025-10-26T09:06:52.161Z"
  }
},
{
  "model": "forum.reply",
  "pk": 16,
  "fields": {
    "thread_id": 18,
    "user_id": 18,
    "body": "Campos Coffee at Broadway is amazing! Best flat white on campus. Also check out the little café next to Fisher.",
    "is_anonymous": false,
    "like_count": 6,
    "is_deleted": false,
    "create_time": "2025-10-26T09:06:52.161Z",
    "edit_time": "2025-10-26T09:06:52.161Z"
  }
},
{
  "model": "forum.reply",
  "pk": 17,
  "fields": {
    "thread_id": 19,
    "user_id": 19,
    "body": "Yes! The golden hour lighting on the sandstone is magical. Perfect for Instagram shots too!",
    "is_anonymous": false,
    "like_count": 3,
    "is_deleted": false,
    "create_time": "2025-10-26T09:06:52.162Z",
    "edit_time": "2025-10-26T09:06:52.162Z"
  }
},
{
  "model": "forum.threadlike",
  "pk": 1,
  "fields": {
    "thread_id": 1,
    "user_id": 3,
    "status": true,
    "create_time": "2025-10-01T07:56:43.010Z"
  }
},
{
  "model": "forum.threadlike",
  "pk": 2,
  "fields": {
    "thread_id": 2,
    "user_id": 2,
    "status": true,
    "create_time": "2025-10-01T07:56:43.011Z"
  }
},
{
  "model": "forum.threadlike",
  "pk": 3,
  "fields": {
    "thread_id": 3,
    "user_id": 3,
    "status": true,
    "create_time": "2025-10-01T07:56:43.012Z"
  }
},
{
  "model": "forum.threadlike",
  "pk": 4,
  "fields": {
    "thread_id": 4,
    "user_id": 2,
    "status": true,
    "create_time": "2025-10-01T07:56:43.012Z"
  }
},
{
  "model": "forum.threadlike",
  "pk": 5,
  "fields": {
    "thread_id": 5,
    "user_id": 4,
    "status": true,
    "create_time": "2025-10-01T07:56:43.013Z"
  }
},
{
  "model": "forum.threadlike",
  "pk": 6,
  "fields": {
    "thread_id": 6,
    "user_id": 5,
    "status": true,
    "create_time": "2025-10-03T15:53:51.634Z"
  }
},
{
  "model": "forum.threadlike",
  "pk": 7,
  "fields": {
    "thread_id": 6,
    "user_id": 8,
    "status": true,
    "create_time": "2025-10-03T15:58:21.688Z"
  }
},
{
  "model": "forum.threadlike",
  "pk": 10,
  "fields": {
    "thread_id": 6,
    "user_id": 1,
    "status": false,
    "create_time": "2025-10-24T04:36:25.651Z"
  }
},
{
  "model": "forum.threadlike",
  "pk": 11,
  "fields": {
    "thread_id": 1,
    "user_id": 1,
    "status": false,
    "create_time": "2025-10-24T04:37:22.584Z"
  }
},
{
  "model": "forum.threadlike",
  "pk": 12,
  "fields": {
    "thread_id": 12,
    "user_id": 16,
    "status": false,
    "create_time": "2025-10-24T05:50:03.294Z"
  }
},
{
  "model": "forum.threadlike",
  "pk": 13,
  "fields": {
    "thread_id": 12,
    "user_id": 1,
    "status": true,
    "create_time": "2025-10-24T06:33:10.393Z"
  }
},
{
  "model": "forum.threadlike",
  "pk": 14,
  "fields": {
    "thread_id": 13,
    "user_id": 1,
    "status": true,
    "create_time": "2025-10-24T06:33:36.665Z"
  }
},
{
  "model": "forum.threadlike",
  "pk": 15,
  "fields": {
    "thread_id": 4,
    "user_id": 1,
    "status": false,
    "create_time": "2025-10-24T07:05:37.266Z"
  }
},
{
  "model": "forum.replylike",
  "pk": 1,
  "fields": {
    "reply_id": 1,
    "user_id": 2,
    "status": true,
    "create_time": "2025-10-01T07:56:43.014Z"
  }
},
{
  "model": "forum.replylike",
  "pk": 2,
  "fields": {
    "reply_id": 2,
    "user_id": 3,
    "status": true,
    "create_time": "2025-10-01T07:56:43.015Z"
  }
},
{
  "model": "forum.replylike",
  "pk": 3,
  "fields": {
    "reply_id": 3,
    "user_id": 2,
    "status": true,
    "create_time": "2025-10-01T07:56:43.017Z"
  }
},
{
  "model": "forum.replylike",
  "pk": 4,
  "fields": {
    "reply_id": 4,
    "user_id": 4,
    "status": true,
    "create_time": "2025-10-01T07:56:43.018Z"
  }
},
{
  "model": "forum.replylike",
  "pk": 5,
  "fields": {
    "reply_id": 5,
    "user_id": 3,
    "status": true,
    "create_time": "2025-10-01T07:56:43.019Z"
  }
},
{
  "model": "forum.replylike",
  "pk": 6,
  "fields": {
    "reply_id": 6,
    "user_id": 5,
    "status": true,
    "create_time": "2025-10-03T15:56:31.781Z"
  }
},
{
  "model": "forum.replylike",
  "pk": 7,
  "fields": {
    "reply_id": 6,
    "user_id": 8,
    "status": true,
    "create_time": "2025-10-03T15:58:22.567Z"
  }
},
{
  "model": "forum.replylike",
  "pk": 8,
  "fields": {
    "reply_id": 7,
    "user_id": 8,
    "status": true,
    "create_time": "2025-10-03T15:58:31.859Z"
  }
},
{
  "model": "forum.replylike",
  "pk": 9,
  "fields": {
    "reply_id": 7,
    "user_id": 5,
    "status": true,
    "create_time": "2025-10-03T16:11:11.439Z"
  }
},
{
  "model": "forum.replylike",
  "pk": 10,
  "fields": {
    "reply_id": 8,
    "user_id": 5,
    "status": true,
    "create_time": "2025-10-03T16:11:17.289Z"
  }
},
{
  "model": "forum.threadview",
  "pk": 1,
  "fields": {
    "user_id": 5,
    "thread_id": 6,
    "viewed_at": "2025-10-16T04:12:38.669Z"
  }
},
{
  "model": "forum.threadview",
  "pk": 2,
  "fields": {
    "user_id": 5,
    "thread_id": 4,
    "viewed_at": "2025-10-16T04:08:24.401Z"
  }
},
{
  "model": "forum.threadview",
  "pk": 12,
  "fields": {
    "user_id": 13,
    "thread_id": 12,
    "viewed_at": "2025-10-20T07:56:26.070Z"
  }
},
{
  "model": "forum.threadview",
  "pk": 13,
  "fields": {
    "user_id": 1,
    "thread_id": 6,
    "viewed_at": "2025-10-24T04:36:23.000Z"
  }
},
{
  "model": "forum.threadview",
  "pk": 14,
  "fields": {
    "user_id": 16,
    "thread_id": 12,
    "viewed_at": "2025-10-24T08:09:38.781Z"
  }
},
{
  "model": "forum.threadview",
  "pk": 15,
  "fields": {
    "user_id": 1,
    "thread_id": 12,
    "viewed_at": "2025-10-24T06:33:09.391Z"
  }
},
{
  "model": "forum.threadview",
  "pk": 16,
  "fields": {
    "user_id": 1,
    "thread_id": 1,
    "viewed_at": "2025-10-24T04:37:07.000Z"
  }
},
{
  "model": "forum.threadview",
  "pk": 17,
  "fields": {
    "user_id": 1,
    "thread_id": 13,
    "viewed_at": "2025-10-24T06:39:15.672Z"
  }
},
{
  "model": "forum.threadview",
  "pk": 18,
  "fields": {
    "user_id": 1,
    "thread_id": 4,
    "viewed_at": "2025-10-24T07:05:51.701Z"
  }
},
{
  "model": "forum.threadview",
  "pk": 19,
  "fields": {
    "user_id": 16,
    "thread_id": 6,
    "viewed_at": "2025-10-24T07:52:33.595Z"
  }
},
{
  "model": "forum.threadview",
  "pk": 20,
  "fields": {
    "user_id": 16,
    "thread_id": 4,
    "viewed_at": "2025-10-24T08:05:32.569Z"
  }
},
{
  "model": "forum.threadview",
  "pk": 21,
  "fields": {
    "user_id": 16,
    "thread_id": 3,
    "viewed_at": "2025-10-24T08:11:37.911Z"
  }
},
{
  "model": "forum.threadview",
  "pk": 22,
  "fields": {
    "user_id": 16,
    "thread_id": 5,
    "viewed_at": "2025-10-24T08:27:46.550Z"
  }
},
{
  "model": "forum.threadview",
  "pk": 23,
  "fields": {
    "user_id": 17,
    "thread_id": 16,
    "viewed_at": "2025-10-26T09:07:27.036Z"
  }
},
{
  "model": "forum.threadview",
  "pk": 24,
  "fields": {
    "user_id": 17,
    "thread_id": 28,
    "viewed_at": "2025-10-26T09:18:36.598Z"
  }
},
{
  "model": "forum.threadview",
  "pk": 25,
  "fields": {
    "user_id": 17,
    "thread_id": 31,
    "viewed_at": "2025-10-26T09:18:50.628Z"
  }
}
]
